res15,res30,res45
21.568790685301074,21.568790685301074,21.568790685301074
21.936670126472517,21.936670126472517,21.936670126472517
21.95498576536125,21.95498576536125,21.95498576536125
21.955109175165337,21.955109175165337,21.955109175165337
21.955109287700513,21.955109287700513,21.955109287700513
21.9551092877144,21.9551092877144,21.9551092877144
21.9551092877144,21.9551092877144,21.9551092877144
21.9551092877144,21.9551092877144,21.9551092877144
21.9551092877144,21.9551092877144,21.9551092877144
21.9551092877144,21.9551092877144,21.9551092877144
21.9551092877144,21.9551092877144,21.9551092877144
21.9551092877144,21.9551092877144,21.9551092877144
21.9551092877144,21.9551092877144,21.9551092877144
21.9551092877144,21.9551092877144,21.9551092877144
21.9551092877144,21.9551092877144,21.9551092877144
21.9551092877144,21.9551092877144,21.9551092877144
21.9551092877144,21.9551092877144,21.9551092877144
21.9551092877144,21.9551092877144,21.9551092877144
21.9551092877144,21.9551092877144,21.9551092877144
21.9551092877144,21.9551092877144,21.9551092877144
21.9551092877144,21.9551092877144,21.9551092877144
21.9551092877144,21.9551092877144,21.9551092877144
21.9551092877144,21.9551092877144,21.9551092877144
21.9551092877144,21.9551092877144,21.9551092877144
21.9551092877144,21.9551092877144,21.9551092877144
21.9551092877144,21.9551092877144,21.9551092877144
21.9551092877144,21.9551092877144,21.9551092877144
21.9551092877144,21.9551092877144,21.9551092877144
21.9551092877144,21.9551092877144,21.9551092877144
21.9551092877144,21.9551092877144,21.9551092877144
21.9551092877144,21.9551092877144,21.9551092877144
21.9551092877144,21.9551092877144,21.9551092877144
21.9551092877144,21.9551092877144,21.9551092877144
21.9551092877144,21.9551092877144,21.9551092877144
21.9551092877144,21.9551092877144,21.9551092877144
21.9551092877144,21.9551092877144,21.9551092877144
21.9551092877144,21.9551092877144,21.9551092877144
21.9551092877144,21.9551092877144,21.9551092877144
21.9551092877144,21.9551092877144,21.9551092877144
21.9551092877144,21.9551092877144,21.9551092877144
21.9551092877144,21.9551092877144,21.9551092877144
21.9551092877144,21.9551092877144,21.9551092877144
21.9551092877144,21.9551092877144,21.9551092877144
21.9551092877144,21.9551092877144,21.9551092877144
21.9551092877144,21.9551092877144,21.9551092877144
21.9551092877144,21.9551092877144,21.9551092877144
21.9551092877144,21.9551092877144,21.9551092877144
21.9551092877144,21.9551092877144,21.9551092877144
21.9551092877144,21.9551092877144,21.9551092877144
21.9551092877144,21.9551092877144,21.9551092877144
21.9551092877144,21.9551092877144,21.9551092877144
21.9551092877144,21.9551092877144,21.9551092877144
21.9551092877144,21.9551092877144,21.9551092877144
21.9551092877144,21.9551092877144,21.9551092877144
21.9551092877144,21.9551092877144,21.9551092877144
21.9551092877144,21.9551092877144,21.9551092877144
21.9551092877144,21.9551092877144,21.9551092877144
21.9551092877144,21.9551092877144,21.9551092877144
21.9551092877144,21.9551092877144,21.9551092877144
21.9551092877144,21.9551092877144,21.9551092877144
21.9551092877144,21.9551092877144,21.9551092877144
21.9551092877144,21.9551092877144,21.9551092877144
21.9551092877144,21.9551092877144,21.9551092877144
21.9551092877144,21.9551092877144,21.9551092877144
21.9551092877144,21.9551092877144,21.9551092877144
21.9551092877144,21.9551092877144,21.9551092877144
21.9551092877144,21.9551092877144,21.9551092877144
21.9551092877144,21.9551092877144,21.9551092877144
21.9551092877144,21.9551092877144,21.9551092877144
21.9551092877144,21.9551092877144,21.9551092877144
21.9551092877144,21.9551092877144,21.9551092877144
21.9551092877144,21.9551092877144,21.9551092877144
21.9551092877144,21.9551092877144,21.9551092877144
21.9551092877144,21.9551092877144,21.9551092877144
21.9551092877144,21.9551092877144,21.9551092877144
21.9551092877144,21.9551092877144,21.9551092877144
21.9551092877144,21.9551092877144,21.9551092877144
21.9551092877144,21.9551092877144,21.9551092877144
21.9551092877144,21.9551092877144,21.9551092877144
21.9551092877144,21.9551092877144,21.9551092877144
21.9551092877144,21.9551092877144,21.9551092877144
21.9551092877144,21.9551092877144,21.9551092877144
21.9551092877144,21.9551092877144,21.9551092877144
21.9551092877144,21.9551092877144,21.9551092877144
21.9551092877144,21.9551092877144,21.9551092877144
21.9551092877144,21.9551092877144,21.9551092877144
21.9551092877144,21.9551092877144,21.9551092877144
21.9551092877144,21.9551092877144,21.9551092877144
21.9551092877144,21.9551092877144,21.9551092877144
21.9551092877144,21.9551092877144,21.9551092877144
21.9551092877144,21.9551092877144,21.9551092877144
21.9551092877144,21.9551092877144,21.9551092877144
21.9551092877144,21.9551092877144,21.9551092877144
21.9551092877144,21.9551092877144,21.9551092877144
21.9551092877144,21.9551092877144,21.9551092877144
21.9551092877144,21.9551092877144,21.9551092877144
21.9551092877144,21.9551092877144,21.9551092877144
21.9551092877144,21.9551092877144,21.9551092877144
21.9551092877144,21.9551092877144,21.9551092877144
21.9551092877144,21.9551092877144,21.9551092877144
21.9551092877144,21.9551092877144,21.9551092877144
21.9551092877144,21.9551092877144,21.9551092877144
21.9551092877144,21.9551092877144,21.9551092877144
21.9551092877144,21.9551092877144,21.9551092877144
21.9551092877144,21.9551092877144,21.9551092877144
21.9551092877144,21.9551092877144,21.9551092877144
21.9551092877144,21.9551092877144,21.9551092877144
21.9551092877144,21.9551092877144,21.9551092877144
21.9551092877144,21.9551092877144,21.9551092877144
21.9551092877144,21.9551092877144,21.9551092877144
21.9551092877144,21.9551092877144,21.9551092877144
21.9551092877144,21.9551092877144,21.9551092877144
21.9551092877144,21.9551092877144,21.9551092877144
21.9551092877144,21.9551092877144,21.9551092877144
21.9551092877144,21.9551092877144,21.9551092877144
21.9551092877144,21.9551092877144,21.9551092877144
21.9551092877144,21.9551092877144,21.9551092877144
21.9551092877144,21.9551092877144,21.9551092877144
21.9551092877144,21.9551092877144,21.9551092877144
21.9551092877144,21.9551092877144,21.9551092877144
21.9551092877144,21.9551092877144,21.9551092877144
21.9551092877144,21.9551092877144,21.9551092877144
21.9551092877144,21.9551092877144,21.9551092877144
21.9551092877144,21.9551092877144,21.9551092877144
21.9551092877144,21.9551092877144,21.9551092877144
21.9551092877144,21.9551092877144,21.9551092877144
21.955109287712013,21.955109287712013,21.955109287712013
21.95510926834514,21.95510926834514,21.95510926834514
21.95508804673849,21.95508804673849,21.95508804673849
21.95195684737683,21.95195684737683,21.95195684737683
21.891790830916005,21.891790830916005,21.891790830916005
21.782991877193254,21.782991877193254,21.782991877193254
21.891790830916005,21.891790830916005,21.891790830916005
21.95195684737683,21.95195684737683,21.95195684737683
21.95508804673849,21.95508804673849,21.95508804673849
21.95510926834514,21.95510926834514,21.95510926834514
21.955109287712013,21.955109287712013,21.955109287712013
21.9551092877144,21.9551092877144,21.9551092877144
21.9551092877144,21.9551092877144,21.9551092877144
21.9551092877144,21.9551092877144,21.9551092877144
21.9551092877144,21.9551092877144,21.9551092877144
21.9551092877144,21.9551092877144,21.9551092877144
21.9551092877144,21.9551092877144,21.9551092877144
21.9551092877144,21.9551092877144,21.9551092877144
21.9551092877144,21.9551092877144,21.9551092877144
21.9551092877144,21.9551092877144,21.9551092877144
21.9551092877144,21.9551092877144,21.9551092877144
21.9551092877144,21.9551092877144,21.9551092877144
21.9551092877144,21.9551092877144,21.9551092877144
21.9551092877144,21.9551092877144,21.9551092877144
21.9551092877144,21.9551092877144,21.9551092877144
21.9551092877144,21.9551092877144,21.9551092877144
21.9551092877144,21.9551092877144,21.9551092877144
21.9551092877144,21.9551092877144,21.9551092877144
21.9551092877144,21.9551092877144,21.9551092877144
21.9551092877144,21.9551092877144,21.9551092877144
21.9551092877144,21.9551092877144,21.9551092877144
21.9551092877144,21.9551092877144,21.9551092877144
21.9551092877144,21.9551092877144,21.9551092877144
21.9551092877144,21.9551092877144,21.9551092877144
21.9551092877144,21.9551092877144,21.9551092877144
21.9551092877144,21.9551092877144,21.9551092877144
21.9551092877144,21.9551092877144,21.9551092877144
21.9551092877144,21.9551092877144,21.9551092877144
21.9551092877144,21.9551092877144,21.9551092877144
21.9551092877144,21.9551092877144,21.9551092877144
21.9551092877144,21.9551092877144,21.9551092877144
21.9551092877144,21.9551092877144,21.9551092877144
21.9551092877144,21.9551092877144,21.9551092877144
21.9551092877144,21.9551092877144,21.9551092877144
21.9551092877144,21.9551092877144,21.9551092877144
21.9551092877144,21.9551092877144,21.9551092877144
21.9551092877144,21.9551092877144,21.9551092877144
21.9551092877144,21.9551092877144,21.9551092877144
21.9551092877144,21.9551092877144,21.9551092877144
21.9551092877144,21.9551092877144,21.9551092877144
21.9551092877144,21.9551092877144,21.9551092877144
21.9551092877144,21.9551092877144,21.9551092877144
21.9551092877144,21.9551092877144,21.9551092877144
21.9551092877144,21.9551092877144,21.9551092877144
21.9551092877144,21.9551092877144,21.9551092877144
21.9551092877144,21.9551092877144,21.9551092877144
21.9551092877144,21.9551092877144,21.9551092877144
21.9551092877144,21.9551092877144,21.9551092877144
21.9551092877144,21.9551092877144,21.9551092877144
21.9551092877144,21.9551092877144,21.9551092877144
21.9551092877144,21.9551092877144,21.9551092877144
21.9551092877144,21.9551092877144,21.9551092877144
21.9551092877144,21.9551092877144,21.9551092877144
21.9551092877144,21.9551092877144,21.9551092877144
21.9551092877144,21.9551092877144,21.9551092877144
21.9551092877144,21.9551092877144,21.9551092877144
21.9551092877144,21.9551092877144,21.9551092877144
21.9551092877144,21.9551092877144,21.9551092877144
21.9551092877144,21.9551092877144,21.9551092877144
21.9551092877144,21.9551092877144,21.9551092877144
21.9551092877144,21.9551092877144,21.9551092877144
21.9551092877144,21.9551092877144,21.9551092877144
21.9551092877144,21.9551092877144,21.9551092877144
21.9551092877144,21.9551092877144,21.9551092877144
21.9551092877144,21.9551092877144,21.9551092877144
21.9551092877144,21.9551092877144,21.9551092877144
21.9551092877144,21.9551092877144,21.9551092877144
21.9551092877144,21.9551092877144,21.9551092877144
21.9551092877144,21.9551092877144,21.9551092877144
21.9551092877144,21.9551092877144,21.9551092877144
21.9551092877144,21.9551092877144,21.9551092877144
21.9551092877144,21.9551092877144,21.9551092877144
21.9551092877144,21.9551092877144,21.9551092877144
21.9551092877144,21.9551092877144,21.9551092877144
21.9551092877144,21.9551092877144,21.9551092877144
21.9551092877144,21.9551092877144,21.9551092877144
21.9551092877144,21.9551092877144,21.9551092877144
21.9551092877144,21.9551092877144,21.9551092877144
21.9551092877144,21.9551092877144,21.9551092877144
21.9551092877144,21.9551092877144,21.9551092877144
21.9551092877144,21.9551092877144,21.9551092877144
21.9551092877144,21.9551092877144,21.9551092877144
21.9551092877144,21.9551092877144,21.9551092877144
21.9551092877144,21.9551092877144,21.9551092877144
21.9551092877144,21.9551092877144,21.9551092877144
21.9551092877144,21.9551092877144,21.9551092877144
21.9551092877144,21.9551092877144,21.9551092877144
21.9551092877144,21.9551092877144,21.9551092877144
21.9551092877144,21.9551092877144,21.9551092877144
21.9551092877144,21.9551092877144,21.9551092877144
21.9551092877144,21.9551092877144,21.9551092877144
21.9551092877144,21.9551092877144,21.9551092877144
21.9551092877144,21.9551092877144,21.9551092877144
21.9551092877144,21.9551092877144,21.9551092877144
21.9551092877144,21.9551092877144,21.9551092877144
21.9551092877144,21.9551092877144,21.9551092877144
21.9551092877144,21.9551092877144,21.9551092877144
21.9551092877144,21.9551092877144,21.9551092877144
21.9551092877144,21.9551092877144,21.9551092877144
21.9551092877144,21.9551092877144,21.9551092877144
21.9551092877144,21.9551092877144,21.9551092877144
21.9551092877144,21.9551092877144,21.9551092877144
21.9551092877144,21.9551092877144,21.9551092877144
21.9551092877144,21.9551092877144,21.9551092877144
21.9551092877144,21.9551092877144,21.9551092877144
21.9551092877144,21.9551092877144,21.9551092877144
21.9551092877144,21.9551092877144,21.9551092877144
21.9551092877144,21.9551092877144,21.9551092877144
21.9551092877144,21.9551092877144,21.9551092877144
21.9551092877144,21.9551092877144,21.9551092877144
21.9551092877144,21.9551092877144,21.9551092877144
21.9551092877144,21.9551092877144,21.9551092877144
21.9551092877144,21.9551092877144,21.9551092877144
21.9551092877144,21.9551092877144,21.9551092877144
21.955109287710474,21.955109287710474,21.955109287710474
21.95510925588539,21.95510925588539,21.95510925588539
21.955074259666223,21.955074259666223,21.955074259666223
21.949775357493763,21.949775357493763,21.949775357493763
21.827789228248164,21.827789228248164,21.827789228248164
21.188141189720675,21.188141189720675,21.188141189720675
20.214319771387007,20.214319771387007,20.214319771387007
20.37801274810674,20.37801274810674,20.37801274810674
21.011256258793452,21.011256258793452,21.011256258793452
20.86156038326425,20.86156038326425,20.86156038326425
20.862040667166358,20.862040667166358,20.862040667166358
20.861716083171412,20.861716083171412,20.861716083171412
20.315142202125138,20.315142202125138,20.315142202125138
19.98926979970165,19.98926979970165,19.98926979970165
19.90706212328964,19.90706212328964,19.90706212328964
19.567249751046177,19.567249751046177,19.567249751046177
19.85835406725624,19.85835406725624,19.85835406725624
19.88696466910353,19.88696466910353,19.88696466910353
19.726485141325263,19.726485141325263,19.726485141325263
19.39073572708552,19.39073572708552,19.39073572708552
20.730117386953342,20.730117386953342,20.730117386953342
21.745171152017562,21.745171152017562,21.745171152017562
21.94624006647569,21.94624006647569,21.94624006647569
21.955050966103347,21.955050966103347,21.955050966103347
21.95510923470945,21.95510923470945,21.95510923470945
21.955109287707863,21.955109287707863,21.955109287707863
21.9551092877144,21.9551092877144,21.9551092877144
21.9551092877144,21.9551092877144,21.9551092877144
21.9551092877144,21.9551092877144,21.9551092877144
21.9551092877144,21.9551092877144,21.9551092877144
21.9551092877144,21.9551092877144,21.9551092877144
21.9551092877144,21.9551092877144,21.9551092877144
21.9551092877144,21.9551092877144,21.9551092877144
21.9551092877144,21.9551092877144,21.9551092877144
21.9551092877144,21.9551092877144,21.9551092877144
21.9551092877144,21.9551092877144,21.9551092877144
21.9551092877144,21.9551092877144,21.9551092877144
21.9551092877144,21.9551092877144,21.9551092877144
21.9551092877144,21.9551092877144,21.9551092877144
21.9551092877144,21.9551092877144,21.9551092877144
21.9551092877144,21.9551092877144,21.9551092877144
21.9551092877144,21.9551092877144,21.9551092877144
21.9551092877144,21.9551092877144,21.9551092877144
21.9551092877144,21.9551092877144,21.9551092877144
21.9551092877144,21.9551092877144,21.9551092877144
21.9551092877144,21.9551092877144,21.9551092877144
21.9551092877144,21.9551092877144,21.9551092877144
21.9551092877144,21.9551092877144,21.9551092877144
21.9551092877144,21.9551092877144,21.9551092877144
21.9551092877144,21.9551092877144,21.9551092877144
21.9551092877144,21.9551092877144,21.9551092877144
21.9551092877144,21.9551092877144,21.9551092877144
21.9551092877144,21.9551092877144,21.9551092877144
21.9551092877144,21.9551092877144,21.9551092877144
21.9551092877144,21.9551092877144,21.9551092877144
21.9551092877144,21.9551092877144,21.9551092877144
21.9551092877144,21.9551092877144,21.9551092877144
21.9551092877144,21.9551092877144,21.9551092877144
21.9551092877144,21.9551092877144,21.9551092877144
21.9551092877144,21.9551092877144,21.9551092877144
21.9551092877144,21.9551092877144,21.9551092877144
21.9551092877144,21.9551092877144,21.9551092877144
21.9551092877144,21.9551092877144,21.9551092877144
21.9551092877144,21.9551092877144,21.9551092877144
21.9551092877144,21.9551092877144,21.9551092877144
21.9551092877144,21.9551092877144,21.9551092877144
21.9551092877144,21.9551092877144,21.9551092877144
21.9551092877144,21.9551092877144,21.9551092877144
21.9551092877144,21.9551092877144,21.9551092877144
21.9551092877144,21.9551092877144,21.9551092877144
21.9551092877144,21.9551092877144,21.9551092877144
21.9551092877144,21.9551092877144,21.9551092877144
21.9551092877144,21.9551092877144,21.9551092877144
21.9551092877144,21.9551092877144,21.9551092877144
21.9551092877144,21.9551092877144,21.9551092877144
21.9551092877144,21.9551092877144,21.9551092877144
21.9551092877144,21.9551092877144,21.9551092877144
21.9551092877144,21.9551092877144,21.9551092877144
21.9551092877144,21.9551092877144,21.9551092877144
21.9551092877144,21.9551092877144,21.9551092877144
21.9551092877144,21.9551092877144,21.9551092877144
21.9551092877144,21.9551092877144,21.9551092877144
21.9551092877144,21.9551092877144,21.9551092877144
21.9551092877144,21.9551092877144,21.9551092877144
21.9551092877144,21.9551092877144,21.9551092877144
21.9551092877144,21.9551092877144,21.9551092877144
21.9551092877144,21.9551092877144,21.9551092877144
21.9551092877144,21.9551092877144,21.9551092877144
21.9551092877144,21.9551092877144,21.9551092877144
21.9551092877144,21.9551092877144,21.9551092877144
21.9551092877144,21.9551092877144,21.9551092877144
21.9551092877144,21.9551092877144,21.9551092877144
21.9551092877144,21.9551092877144,21.9551092877144
21.9551092877144,21.9551092877144,21.9551092877144
21.9551092877144,21.9551092877144,21.9551092877144
21.9551092877144,21.9551092877144,21.9551092877144
21.9551092877144,21.9551092877144,21.9551092877144
21.9551092877144,21.9551092877144,21.9551092877144
21.9551092877144,21.9551092877144,21.9551092877144
21.9551092877144,21.9551092877144,21.9551092877144
21.9551092877144,21.9551092877144,21.9551092877144
21.9551092877144,21.9551092877144,21.9551092877144
21.9551092877144,21.9551092877144,21.9551092877144
21.9551092877144,21.9551092877144,21.9551092877144
21.9551092877144,21.9551092877144,21.9551092877144
21.9551092877144,21.9551092877144,21.9551092877144
21.9551092877144,21.9551092877144,21.9551092877144
21.9551092877144,21.9551092877144,21.9551092877144
21.9551092877144,21.9551092877144,21.9551092877144
21.9551092877144,21.9551092877144,21.9551092877144
21.9551092877144,21.9551092877144,21.9551092877144
21.9551092877144,21.9551092877144,21.9551092877144
21.9551092877144,21.9551092877144,21.9551092877144
21.9551092877144,21.9551092877144,21.9551092877144
21.9551092877144,21.9551092877144,21.9551092877144
21.9551092877144,21.9551092877144,21.9551092877144
21.9551092877144,21.9551092877144,21.9551092877144
21.9551092877144,21.9551092877144,21.9551092877144
21.9551092877144,21.9551092877144,21.9551092877144
21.9551092877144,21.9551092877144,21.9551092877144
21.9551092877144,21.9551092877144,21.9551092877144
21.9551092877144,21.9551092877144,21.9551092877144
21.9551092877144,21.9551092877144,21.9551092877144
21.9551092877144,21.9551092877144,21.9551092877144
21.9551092877144,21.9551092877144,21.9551092877144
21.9551092877144,21.9551092877144,21.9551092877144
21.9551092877144,21.9551092877144,21.9551092877144
21.9551092877144,21.9551092877144,21.9551092877144
21.9551092877144,21.9551092877144,21.9551092877144
21.9551092877144,21.9551092877144,21.9551092877144
21.9551092877144,21.9551092877144,21.9551092877144
21.9551092877144,21.9551092877144,21.9551092877144
21.9551092877144,21.9551092877144,21.9551092877144
21.9551092877144,21.9551092877144,21.9551092877144
21.9551092877144,21.9551092877144,21.9551092877144
21.9551092877144,21.9551092877144,21.9551092877144
21.9551092877144,21.9551092877144,21.9551092877144
21.9551092877144,21.9551092877144,21.9551092877144
21.9551092877144,21.9551092877144,21.9551092877144
21.9551092877144,21.9551092877144,21.9551092877144
21.9551092877144,21.9551092877144,21.9551092877144
21.9551092877144,21.9551092877144,21.9551092877144
21.9551092877144,21.9551092877144,21.9551092877144
21.9551092877144,21.9551092877144,21.9551092877144
21.9551092877144,21.9551092877144,21.9551092877144
21.9551092877144,21.9551092877144,21.9551092877144
21.9551092877144,21.9551092877144,21.9551092877144
21.9551092877144,21.9551092877144,21.9551092877144
21.9551092877144,21.9551092877144,21.9551092877144
21.9551092877144,21.9551092877144,21.9551092877144
21.9551092877144,21.9551092877144,21.9551092877144
21.9551092877144,21.9551092877144,21.9551092877144
21.9551092877144,21.9551092877144,21.9551092877144
21.9551092877144,21.9551092877144,21.9551092877144
21.9551092877144,21.9551092877144,21.9551092877144
21.9551092877144,21.9551092877144,21.9551092877144
21.9551092877144,21.9551092877144,21.9551092877144
21.9551092877144,21.9551092877144,21.9551092877144
21.9551092877144,21.9551092877144,21.9551092877144
21.9551092877144,21.9551092877144,21.9551092877144
21.9551092877144,21.9551092877144,21.9551092877144
21.9551092877144,21.9551092877144,21.9551092877144
21.9551092877144,21.9551092877144,21.9551092877144
21.9551092877144,21.9551092877144,21.9551092877144
21.9551092877144,21.9551092877144,21.9551092877144
21.9551092877144,21.9551092877144,21.9551092877144
21.9551092877144,21.9551092877144,21.9551092877144
21.9551092877144,21.9551092877144,21.9551092877144
21.9551092877144,21.9551092877144,21.9551092877144
21.95510928770761,21.95510928770761,21.95510928770761
21.955109232683924,21.955109232683924,21.955109232683924
21.955048939466817,21.955048939466817,21.955048939466817
21.946152813620596,21.946152813620596,21.946152813620596
21.77521366921944,21.77521366921944,21.77521366921944
21.46609642555655,21.46609642555655,21.46609642555655
21.774825323284404,21.774825323284404,21.774825323284404
21.939695549373635,21.939695549373635,21.939695549373635
21.937882299600638,21.937882299600638,21.937882299600638
21.93259344227403,21.93259344227403,21.93259344227403
21.603918139039553,21.603918139039553,21.603918139039553
20.493764822140008,20.493764822140008,20.493764822140008
19.57395728036827,19.57395728036827,19.57395728036827
19.322401062941402,19.322401062941402,19.322401062941402
19.06979452821013,19.06979452821013,19.06979452821013
19.12539971044766,19.12539971044766,19.12539971044766
19.124832006067873,19.124832006067873,19.124832006067873
19.124832009483775,19.124832009483775,19.124832009483775
19.002557747946717,19.002557747946717,19.002557747946717
19.379862582935374,19.379862582935374,19.379862582935374
20.39288161378555,20.39288161378555,20.39288161378555
21.572086317008186,21.572086317008186,21.572086317008186
21.937262112430705,21.937262112430705,21.937262112430705
21.954990140603904,21.954990140603904,21.954990140603904
21.955109179202676,21.955109179202676,21.955109179202676
21.955109287701013,21.955109287701013,21.955109287701013
21.9551092877144,21.9551092877144,21.9551092877144
21.9551092877144,21.9551092877144,21.9551092877144
21.9551092877144,21.9551092877144,21.9551092877144
21.9551092877144,21.9551092877144,21.9551092877144
21.9551092877144,21.9551092877144,21.9551092877144
21.9551092877144,21.9551092877144,21.9551092877144
21.9551092877144,21.9551092877144,21.9551092877144
21.9551092877144,21.9551092877144,21.9551092877144
21.9551092877144,21.9551092877144,21.9551092877144
21.9551092877144,21.9551092877144,21.9551092877144
21.9551092877144,21.9551092877144,21.9551092877144
21.9551092877144,21.9551092877144,21.9551092877144
21.9551092877144,21.9551092877144,21.9551092877144
21.9551092877144,21.9551092877144,21.9551092877144
21.9551092877144,21.9551092877144,21.9551092877144
21.9551092877144,21.9551092877144,21.9551092877144
21.9551092877144,21.9551092877144,21.9551092877144
21.9551092877144,21.9551092877144,21.9551092877144
21.9551092877144,21.9551092877144,21.9551092877144
21.9551092877144,21.9551092877144,21.9551092877144
21.9551092877144,21.9551092877144,21.9551092877144
21.9551092877144,21.9551092877144,21.9551092877144
21.9551092877144,21.9551092877144,21.9551092877144
21.9551092877144,21.9551092877144,21.9551092877144
21.9551092877144,21.9551092877144,21.9551092877144
21.9551092877144,21.9551092877144,21.9551092877144
21.9551092877144,21.9551092877144,21.9551092877144
21.9551092877144,21.9551092877144,21.9551092877144
21.9551092877144,21.9551092877144,21.9551092877144
21.9551092877144,21.9551092877144,21.9551092877144
21.9551092877144,21.9551092877144,21.9551092877144
21.9551092877144,21.9551092877144,21.9551092877144
21.9551092877144,21.9551092877144,21.9551092877144
21.9551092877144,21.9551092877144,21.9551092877144
21.9551092877144,21.9551092877144,21.9551092877144
21.9551092877144,21.9551092877144,21.9551092877144
21.9551092877144,21.9551092877144,21.9551092877144
21.955109287696803,21.955109287696803,21.955109287696803
21.955109145100653,21.955109145100653,21.955109145100653
21.954952758892876,21.954952758892876,21.954952758892876
21.93173136670821,21.93173136670821,21.93173136670821
21.463527087846963,21.463527087846963,21.463527087846963
20.14514879545456,20.14514879545456,20.14514879545456
19.34095758751488,19.34095758751488,19.34095758751488
18.65329372898776,18.65329372898776,18.65329372898776
18.421366044022577,18.421366044022577,18.421366044022577
18.409912046023994,18.409912046023994,18.409912046023994
18.409835018348538,18.409835018348538,18.409835018348538
18.409911680153723,18.409911680153723,18.409911680153723
18.42129345477479,18.42129345477479,18.42129345477479
18.648911857907674,18.648911857907674,18.648911857907674
19.23922513823977,19.23922513823977,19.23922513823977
19.239031326326018,19.239031326326018,19.239031326326018
19.40118449701782,19.40118449701782,19.40118449701782
21.1928708451785,21.1928708451785,21.1928708451785
21.918300584455363,21.918300584455363,21.918300584455363
21.954862306437445,21.954862306437445,21.954862306437445
21.955109062624103,21.955109062624103,21.955109062624103
21.955109287686625,21.955109287686625,21.955109287686625
21.9551092877144,21.9551092877144,21.9551092877144
21.9551092877144,21.9551092877144,21.9551092877144
21.9551092877144,21.9551092877144,21.9551092877144
21.9551092877144,21.9551092877144,21.9551092877144
21.9551092877144,21.9551092877144,21.9551092877144
21.9551092877144,21.9551092877144,21.9551092877144
21.955109287686625,21.955109287686625,21.955109287686625
21.955109062616277,21.955109062616277,21.955109062616277
21.9548622430081,21.9548622430081,21.9548622430081
21.918230965230634,21.918230965230634,21.918230965230634
21.18247208288775,21.18247208288775,21.18247208288775
19.18247208288775,19.18247208288775,19.18247208288775
18.446713200544863,18.446713200544863,18.446713200544863
18.410081922767397,18.410081922767397,18.410081922767397
18.40983510315922,18.40983510315922,18.40983510315922
18.40983487810276,18.40983487810276,18.40983487810276
18.409834990608644,18.409834990608644,18.409834990608644
18.409958388122103,18.409958388122103,18.409958388122103
18.428260489239953,18.428260489239953,18.428260489239953
18.7940657050819,18.7940657050819,18.7940657050819
19.742930912901777,19.742930912901777,19.742930912901777
19.80829163033355,19.80829163033355,19.80829163033355
19.808063193542665,19.808063193542665,19.808063193542665
21.3017515852368,21.3017515852368,21.3017515852368
21.923461092330502,21.923461092330502,21.923461092330502
21.95489684206066,21.95489684206066,21.95489684206066
21.95510909408747,21.95510909408747,21.95510909408747
21.955109287690508,21.955109287690508,21.955109287690508
21.9551092877144,21.9551092877144,21.9551092877144
21.9551092877144,21.9551092877144,21.9551092877144
21.9551092877144,21.9551092877144,21.9551092877144
21.9551092877144,21.9551092877144,21.9551092877144
21.9551092877144,21.9551092877144,21.9551092877144
21.9551092877144,21.9551092877144,21.9551092877144
21.9551092877144,21.9551092877144,21.9551092877144
21.9551092877144,21.9551092877144,21.9551092877144
21.9551092877144,21.9551092877144,21.9551092877144
21.9551092877144,21.9551092877144,21.9551092877144
21.9551092877144,21.9551092877144,21.9551092877144
21.95510928769189,21.95510928769189,21.95510928769189
21.955109105298845,21.955109105298845,21.955109105298845
21.954909129835844,21.954909129835844,21.954909129835844
21.925277124332695,21.925277124332695,21.925277124332695
21.337132520845284,21.337132520845284,21.337132520845284
19.88801884525529,19.88801884525529,19.88801884525529
19.92601885524916,19.92601885524916,19.92601885524916
20.490031961612978,20.490031961612978,20.490031961612978
20.4459987283932,20.4459987283932,20.4459987283932
20.44834147094818,20.44834147094818,20.44834147094818
20.487517036784315,20.487517036784315,20.487517036784315
20.447558893564075,20.447558893564075,20.447558893564075
19.03427136410065,19.03427136410065,19.03427136410065
18.44012784564051,18.44012784564051,18.44012784564051
18.41003827056219,18.41003827056219,18.41003827056219
18.409835063442305,18.409835063442305,18.409835063442305
18.409834878083974,18.409834878083974,18.409834878083974
18.409834878061098,18.409834878061098,18.409834878061098
18.409834878061098,18.409834878061098,18.409834878061098
18.409834878061098,18.409834878061098,18.409834878061098
18.409834878061098,18.409834878061098,18.409834878061098
18.409834878061098,18.409834878061098,18.409834878061098
18.409834878061098,18.409834878061098,18.409834878061098
18.409834878061098,18.409834878061098,18.409834878061098
18.409834878061098,18.409834878061098,18.409834878061098
18.409834878061098,18.409834878061098,18.409834878061098
18.409834878061098,18.409834878061098,18.409834878061098
18.409834878061098,18.409834878061098,18.409834878061098
18.409834878061098,18.409834878061098,18.409834878061098
18.409834878061098,18.409834878061098,18.409834878061098
18.409834878061098,18.409834878061098,18.409834878061098
18.409834878061098,18.409834878061098,18.409834878061098
18.409834878061098,18.409834878061098,18.409834878061098
18.409834878061098,18.409834878061098,18.409834878061098
18.409834878061098,18.409834878061098,18.409834878061098
18.409834878061098,18.409834878061098,18.409834878061098
18.409834878061098,18.409834878061098,18.409834878061098
18.409834878061098,18.409834878061098,18.409834878061098
18.409834878061098,18.409834878061098,18.409834878061098
18.409834878061098,18.409834878061098,18.409834878061098
18.409834878061098,18.409834878061098,18.409834878061098
18.409834878061098,18.409834878061098,18.409834878061098
18.409834878061098,18.409834878061098,18.409834878061098
18.409834878061098,18.409834878061098,18.409834878061098
18.409834878061098,18.409834878061098,18.409834878061098
18.409834878061098,18.409834878061098,18.409834878061098
18.409834878061098,18.409834878061098,18.409834878061098
18.409834878061098,18.409834878061098,18.409834878061098
18.409834878061098,18.409834878061098,18.409834878061098
18.409834878061098,18.409834878061098,18.409834878061098
18.409834878061098,18.409834878061098,18.409834878061098
18.409834878061098,18.409834878061098,18.409834878061098
18.409834878061098,18.409834878061098,18.409834878061098
18.409834878061098,18.409834878061098,18.409834878061098
18.409834878061098,18.409834878061098,18.409834878061098
18.409834878061098,18.409834878061098,18.409834878061098
18.409834878061098,18.409834878061098,18.409834878061098
18.409834878061098,18.409834878061098,18.409834878061098
18.409834878061098,18.409834878061098,18.409834878061098
18.409834878061098,18.409834878061098,18.409834878061098
18.409834878061098,18.409834878061098,18.409834878061098
18.409834878061098,18.409834878061098,18.409834878061098
18.409834878061098,18.409834878061098,18.409834878061098
18.409834878061098,18.409834878061098,18.409834878061098
18.409834878061098,18.409834878061098,18.409834878061098
18.409834878061098,18.409834878061098,18.409834878061098
18.409834878061098,18.409834878061098,18.409834878061098
18.409834878061098,18.409834878061098,18.409834878061098
18.409834878061098,18.409834878061098,18.409834878061098
18.409834878061098,18.409834878061098,18.409834878061098
18.409834878061098,18.409834878061098,18.409834878061098
18.409834878061098,18.409834878061098,18.409834878061098
18.409834878061098,18.409834878061098,18.409834878061098
18.409834878061098,18.409834878061098,18.409834878061098
18.409834878061098,18.409834878061098,18.409834878061098
18.409834878061098,18.409834878061098,18.409834878061098
18.409834878061098,18.409834878061098,18.409834878061098
18.409834878061098,18.409834878061098,18.409834878061098
18.409834878061098,18.409834878061098,18.409834878061098
18.409834878061098,18.409834878061098,18.409834878061098
18.409834878061098,18.409834878061098,18.409834878061098
18.409834878061098,18.409834878061098,18.409834878061098
18.409834878061098,18.409834878061098,18.409834878061098
18.409834878061098,18.409834878061098,18.409834878061098
18.409834878061098,18.409834878061098,18.409834878061098
18.409834878088873,18.409834878088873,18.409834878088873
18.40983510315922,18.40983510315922,18.40983510315922
18.410081922767397,18.410081922767397,18.410081922767397
18.446713200544863,18.446713200544863,18.446713200544863
19.18247208288775,19.18247208288775,19.18247208288775
21.18247208288775,21.18247208288775,21.18247208288775
21.918230965230634,21.918230965230634,21.918230965230634
21.9548622430081,21.9548622430081,21.9548622430081
21.955109062616273,21.955109062616273,21.955109062616273
21.955109287660328,21.955109287660328,21.955109287660328
21.955109074617283,21.955109074617283,21.955109074617283
21.95487540371388,21.95487540371388,21.95487540371388
21.920184187151378,21.920184187151378,21.920184187151378
21.221703593896073,21.221703593896073,21.221703593896073
19.289114386364666,19.289114386364666,19.289114386364666
18.485944711553188,18.485944711553188,18.485944711553188
18.41203514468814,18.41203514468814,18.41203514468814
18.409848263865,18.409848263865,18.409848263865
18.409834890089883,18.409834890089883,18.409834890089883
18.40983487806258,18.40983487806258,18.40983487806258
18.409834878061098,18.409834878061098,18.409834878061098
18.409834878061098,18.409834878061098,18.409834878061098
18.409834878061098,18.409834878061098,18.409834878061098
18.409834878061098,18.409834878061098,18.409834878061098
18.409834878061098,18.409834878061098,18.409834878061098
18.409834878061098,18.409834878061098,18.409834878061098
18.409834878061098,18.409834878061098,18.409834878061098
18.409834878061098,18.409834878061098,18.409834878061098
18.409834878061098,18.409834878061098,18.409834878061098
18.409834878061098,18.409834878061098,18.409834878061098
18.409834878061098,18.409834878061098,18.409834878061098
18.409834878061098,18.409834878061098,18.409834878061098
18.409834878061098,18.409834878061098,18.409834878061098
18.409834878061098,18.409834878061098,18.409834878061098
18.409834878061098,18.409834878061098,18.409834878061098
18.409834878061098,18.409834878061098,18.409834878061098
18.409834878061098,18.409834878061098,18.409834878061098
18.409834878061098,18.409834878061098,18.409834878061098
18.409834878061098,18.409834878061098,18.409834878061098
18.409834878061098,18.409834878061098,18.409834878061098
18.409834878061098,18.409834878061098,18.409834878061098
18.409834878061098,18.409834878061098,18.409834878061098
18.409834878061098,18.409834878061098,18.409834878061098
18.409834878088873,18.409834878088873,18.409834878088873
18.40983510315922,18.40983510315922,18.40983510315922
18.410081922767397,18.410081922767397,18.410081922767397
18.446713200544863,18.446713200544863,18.446713200544863
19.18247208288775,19.18247208288775,19.18247208288775
21.18247208288775,21.18247208288775,21.18247208288775
21.918230965230634,21.918230965230634,21.918230965230634
21.9548622430081,21.9548622430081,21.9548622430081
21.955109062616277,21.955109062616277,21.955109062616277
21.955109287686625,21.955109287686625,21.955109287686625
21.9551092877144,21.9551092877144,21.9551092877144
21.9551092877144,21.9551092877144,21.9551092877144
21.9551092877144,21.9551092877144,21.9551092877144
21.9551092877144,21.9551092877144,21.9551092877144
21.9551092877144,21.9551092877144,21.9551092877144
21.9551092877144,21.9551092877144,21.9551092877144
21.9551092877144,21.9551092877144,21.9551092877144
21.9551092877144,21.9551092877144,21.9551092877144
21.9551092877144,21.9551092877144,21.9551092877144
21.9551092877144,21.9551092877144,21.9551092877144
21.9551092877144,21.9551092877144,21.9551092877144
21.9551092877144,21.9551092877144,21.9551092877144
21.9551092877144,21.9551092877144,21.9551092877144
21.9551092877144,21.9551092877144,21.9551092877144
21.9551092877144,21.9551092877144,21.9551092877144
21.9551092877144,21.9551092877144,21.9551092877144
21.9551092877144,21.9551092877144,21.9551092877144
21.9551092877144,21.9551092877144,21.9551092877144
21.9551092877144,21.9551092877144,21.9551092877144
21.9551092877144,21.9551092877144,21.9551092877144
21.9551092877144,21.9551092877144,21.9551092877144
21.9551092877144,21.9551092877144,21.9551092877144
21.9551092877144,21.9551092877144,21.9551092877144
21.9551092877144,21.9551092877144,21.9551092877144
21.9551092877144,21.9551092877144,21.9551092877144
21.9551092877144,21.9551092877144,21.9551092877144
21.9551092877144,21.9551092877144,21.9551092877144
21.9551092877144,21.9551092877144,21.9551092877144
21.9551092877144,21.9551092877144,21.9551092877144
21.9551092877144,21.9551092877144,21.9551092877144
21.9551092877144,21.9551092877144,21.9551092877144
21.9551092877144,21.9551092877144,21.9551092877144
21.9551092877144,21.9551092877144,21.9551092877144
21.9551092877144,21.9551092877144,21.9551092877144
21.9551092877144,21.9551092877144,21.9551092877144
21.9551092877144,21.9551092877144,21.9551092877144
21.9551092877144,21.9551092877144,21.9551092877144
21.9551092877144,21.9551092877144,21.9551092877144
21.9551092877144,21.9551092877144,21.9551092877144
21.9551092877144,21.9551092877144,21.9551092877144
21.9551092877144,21.9551092877144,21.9551092877144
21.9551092877144,21.9551092877144,21.9551092877144
21.9551092877144,21.9551092877144,21.9551092877144
21.9551092877144,21.9551092877144,21.9551092877144
21.9551092877144,21.9551092877144,21.9551092877144
21.9551092877144,21.9551092877144,21.9551092877144
21.9551092877144,21.9551092877144,21.9551092877144
21.9551092877144,21.9551092877144,21.9551092877144
21.9551092877144,21.9551092877144,21.9551092877144
21.9551092877144,21.9551092877144,21.9551092877144
21.9551092877144,21.9551092877144,21.9551092877144
21.9551092877144,21.9551092877144,21.9551092877144
21.9551092877144,21.9551092877144,21.9551092877144
21.9551092877144,21.9551092877144,21.9551092877144
21.9551092877144,21.9551092877144,21.9551092877144
21.9551092877144,21.9551092877144,21.9551092877144
21.9551092877144,21.9551092877144,21.9551092877144
21.9551092877144,21.9551092877144,21.9551092877144
21.9551092877144,21.9551092877144,21.9551092877144
21.955109287707817,21.955109287707817,21.955109287707817
21.95510923433139,21.95510923433139,21.95510923433139
21.955050587585657,21.955050587585657,21.955050587585657
21.946223364108288,21.946223364108288,21.946223364108288
21.750595185307183,21.750595185307183,21.750595185307183
20.84586991738006,20.84586991738006,20.84586991738006
19.416869924191815,19.416869924191815,19.416869924191815
18.997719855247496,18.997719855247496,18.997719855247496
19.614474775009807,19.614474775009807,19.614474775009807
19.613596030249646,19.613596030249646,19.613596030249646
19.613947715127313,19.613947715127313,19.613947715127313
18.996569693822842,18.996569693822842,18.996569693822842
18.978012759761107,18.978012759761107,18.978012759761107
20.214495249303006,20.214495249303006,20.214495249303006
21.551792670692578,21.551792670692578,21.551792670692578
21.93655617922224,21.93655617922224,21.93655617922224
21.954985548963997,21.954985548963997,21.954985548963997
21.954985540250313,21.954985540250313,21.954985540250313
21.93654660410548,21.93654660410548,21.93654660410548
21.55035152405919,21.55035152405919,21.55035152405919
20.18247208288775,20.18247208288775,20.18247208288775
18.814592641716306,18.814592641716306,18.814592641716306
18.42839756165613,18.42839756165613,18.42839756165613
18.40995851296331,18.40995851296331,18.40995851296331
18.409834990637695,18.409834990637695,18.409834990637695
18.40983498867902,18.40983498867902,18.40983498867902
18.409956249580254,18.409956249580254,18.409956249580254
18.427935174901656,18.427935174901656,18.427935174901656
18.786346447726793,18.786346447726793,18.786346447726793
19.69684723412565,19.69684723412565,19.69684723412565
19.697071026346848,19.697071026346848,19.697071026346848
19.697071010911564,19.697071010911564,19.697071010911564
21.26971647369749,21.26971647369749,21.26971647369749
21.921924764085883,21.921924764085883,21.921924764085883
21.95488654372208,21.95488654372208,21.95488654372208
21.95510908470318,21.95510908470318,21.95510908470318
21.955109287673217,21.955109287673217,21.955109287673217
21.955109156973403,21.955109156973403,21.955109156973403
21.95496573033286,21.95496573033286,21.95496573033286
21.93360319560592,21.93360319560592,21.93360319560592
21.493219086007848,21.493219086007848,21.493219086007848
20.068031996109262,20.068031996109262,20.068031996109262
18.90464309142946,18.90464309142946,18.90464309142946
18.582292981137932,18.582292981137932,18.582292981137932
18.582006281481064,18.582006281481064,18.582006281481064
18.58200627825103,18.58200627825103,18.58200627825103
18.738686918422605,18.738686918422605,18.738686918422605
18.62509723086196,18.62509723086196,18.62509723086196
19.213236180624698,19.213236180624698,19.213236180624698
21.18376921814048,21.18376921814048,21.18376921814048
21.918200440405865,21.918200440405865,21.918200440405865
21.949053809323168,21.949053809323168,21.949053809323168
21.83649959510588,21.83649959510588,21.83649959510588
21.585065704537996,21.585065704537996,21.585065704537996
21.501438354474406,21.501438354474406,21.501438354474406
20.981034618635636,20.981034618635636,20.981034618635636
20.492373030712344,20.492373030712344,20.492373030712344
20.562984513761297,20.562984513761297,20.562984513761297
20.56320269343201,20.56320269343201,20.56320269343201
20.56287852852836,20.56287852852836,20.56287852852836
19.82587851884646,19.82587851884646,19.82587851884646
19.65327899912321,19.65327899912321,19.65327899912321
18.80601785894303,18.80601785894303,18.80601785894303
18.429207332288616,18.429207332288616,18.429207332288616
18.409965254369695,18.409965254369695,18.409965254369695
18.41001013802431,18.41001013802431,18.41001013802431
18.435949406974878,18.435949406974878,18.435949406974878
18.95246084952723,18.95246084952723,18.95246084952723
20.26409825013151,20.26409825013151,20.26409825013151
20.453842328285642,20.453842328285642,20.453842328285642
20.252741198505923,20.252741198505923,20.252741198505923
20.225288988563353,20.225288988563353,20.225288988563353
20.22496315932165,20.22496315932165,20.22496315932165
20.22538579052309,20.22538579052309,20.22538579052309
20.056647571319292,20.056647571319292,20.056647571319292
19.73203194049857,19.73203194049857,19.73203194049857
19.511428722033738,19.511428722033738,19.511428722033738
18.735806131383185,18.735806131383185,18.735806131383185
18.425568679846595,18.425568679846595,18.425568679846595
18.40994044464275,18.40994044464275,18.40994044464275
18.409834974270282,18.409834974270282,18.409834974270282
18.409834878072967,18.409834878072967,18.409834878072967
18.409834878061098,18.409834878061098,18.409834878061098
18.409834878061098,18.409834878061098,18.409834878061098
18.409834878061098,18.409834878061098,18.409834878061098
18.409834878061098,18.409834878061098,18.409834878061098
18.409834878061098,18.409834878061098,18.409834878061098
18.409834878061098,18.409834878061098,18.409834878061098
18.409834878061098,18.409834878061098,18.409834878061098
18.409834878061098,18.409834878061098,18.409834878061098
18.409834878061098,18.409834878061098,18.409834878061098
18.409834878061098,18.409834878061098,18.409834878061098
18.409834878061098,18.409834878061098,18.409834878061098
18.409834878061098,18.409834878061098,18.409834878061098
18.409834878061098,18.409834878061098,18.409834878061098
18.409834878061098,18.409834878061098,18.409834878061098
18.409834878061098,18.409834878061098,18.409834878061098
18.409834878061098,18.409834878061098,18.409834878061098
18.409834878061098,18.409834878061098,18.409834878061098
18.409834878061098,18.409834878061098,18.409834878061098
18.409834878061098,18.409834878061098,18.409834878061098
18.409834878061098,18.409834878061098,18.409834878061098
18.409834878061098,18.409834878061098,18.409834878061098
18.409834878061098,18.409834878061098,18.409834878061098
18.409834878061098,18.409834878061098,18.409834878061098
18.409834878061098,18.409834878061098,18.409834878061098
18.409834878061098,18.409834878061098,18.409834878061098
18.409834878061098,18.409834878061098,18.409834878061098
18.409834878061098,18.409834878061098,18.409834878061098
18.409834878061098,18.409834878061098,18.409834878061098
18.409834878061098,18.409834878061098,18.409834878061098
18.409834878061098,18.409834878061098,18.409834878061098
18.409834878061098,18.409834878061098,18.409834878061098
18.409834878061098,18.409834878061098,18.409834878061098
18.409834878061098,18.409834878061098,18.409834878061098
18.409834878061098,18.409834878061098,18.409834878061098
18.409834878061098,18.409834878061098,18.409834878061098
18.409834878061098,18.409834878061098,18.409834878061098
18.409834878061098,18.409834878061098,18.409834878061098
18.409834878061098,18.409834878061098,18.409834878061098
18.409834878061098,18.409834878061098,18.409834878061098
18.409834878061098,18.409834878061098,18.409834878061098
18.409834878061098,18.409834878061098,18.409834878061098
18.409834878061098,18.409834878061098,18.409834878061098
18.409834878061098,18.409834878061098,18.409834878061098
18.409834878061098,18.409834878061098,18.409834878061098
18.409834878077465,18.409834878077465,18.409834878077465
18.409835010715135,18.409835010715135,18.409835010715135
18.40998041438265,18.40998041438265,18.40998041438265
18.431504099522797,18.431504099522797,18.431504099522797
18.855500512551597,18.855500512551597,18.855500512551597
19.8427294530977,19.8427294530977,19.8427294530977
19.780038887499412,19.780038887499412,19.780038887499412
19.443603254136427,19.443603254136427,19.443603254136427
18.705980898346294,18.705980898346294,18.705980898346294
18.4240575039519,18.4240575039519,18.4240575039519
18.40993023931373,18.40993023931373,18.40993023931373
18.409834964961387,18.409834964961387,18.409834964961387
18.40983487807182,18.40983487807182,18.40983487807182
18.409834878061098,18.409834878061098,18.409834878061098
18.409834878061098,18.409834878061098,18.409834878061098
18.409834878061098,18.409834878061098,18.409834878061098
18.409834878061098,18.409834878061098,18.409834878061098
18.409834878061098,18.409834878061098,18.409834878061098
18.409834878061098,18.409834878061098,18.409834878061098
18.409834878061098,18.409834878061098,18.409834878061098
18.409834878061098,18.409834878061098,18.409834878061098
18.409834878061098,18.409834878061098,18.409834878061098
18.409834878061098,18.409834878061098,18.409834878061098
18.409834878061098,18.409834878061098,18.409834878061098
18.409834878061098,18.409834878061098,18.409834878061098
18.409834878061098,18.409834878061098,18.409834878061098
18.409834878061098,18.409834878061098,18.409834878061098
18.409834878061098,18.409834878061098,18.409834878061098
18.409834878061098,18.409834878061098,18.409834878061098
18.409834878061098,18.409834878061098,18.409834878061098
18.409834878061098,18.409834878061098,18.409834878061098
18.409834878061098,18.409834878061098,18.409834878061098
18.409834878061098,18.409834878061098,18.409834878061098
18.409834878061098,18.409834878061098,18.409834878061098
18.409834878061098,18.409834878061098,18.409834878061098
18.409834878061098,18.409834878061098,18.409834878061098
18.409834878061098,18.409834878061098,18.409834878061098
18.409834878061098,18.409834878061098,18.409834878061098
18.409834878061098,18.409834878061098,18.409834878061098
18.409834878061098,18.409834878061098,18.409834878061098
18.409834878061098,18.409834878061098,18.409834878061098
18.409834878061098,18.409834878061098,18.409834878061098
18.409834878061098,18.409834878061098,18.409834878061098
18.409834878061098,18.409834878061098,18.409834878061098
18.409834878061098,18.409834878061098,18.409834878061098
18.409834878061098,18.409834878061098,18.409834878061098
18.409834878061098,18.409834878061098,18.409834878061098
18.409834878061098,18.409834878061098,18.409834878061098
18.409834878061098,18.409834878061098,18.409834878061098
18.409834878061098,18.409834878061098,18.409834878061098
18.409834878061098,18.409834878061098,18.409834878061098
18.409834878061098,18.409834878061098,18.409834878061098
18.409834878061098,18.409834878061098,18.409834878061098
18.409834878061098,18.409834878061098,18.409834878061098
18.409834878061098,18.409834878061098,18.409834878061098
18.409834878061098,18.409834878061098,18.409834878061098
18.409834878061098,18.409834878061098,18.409834878061098
18.409834878061098,18.409834878061098,18.409834878061098
18.409834878061098,18.409834878061098,18.409834878061098
18.409834878061098,18.409834878061098,18.409834878061098
18.409834878061098,18.409834878061098,18.409834878061098
18.409834878061098,18.409834878061098,18.409834878061098
18.409834878061098,18.409834878061098,18.409834878061098
18.409834878061098,18.409834878061098,18.409834878061098
18.409834878061098,18.409834878061098,18.409834878061098
18.409834878061098,18.409834878061098,18.409834878061098
18.409834878061098,18.409834878061098,18.409834878061098
18.409834878061098,18.409834878061098,18.409834878061098
18.409834878061098,18.409834878061098,18.409834878061098
18.409834878061098,18.409834878061098,18.409834878061098
18.409834878061098,18.409834878061098,18.409834878061098
18.409834878061098,18.409834878061098,18.409834878061098
18.409834878061098,18.409834878061098,18.409834878061098
18.409834878061098,18.409834878061098,18.409834878061098
18.409834878061098,18.409834878061098,18.409834878061098
18.409834878061098,18.409834878061098,18.409834878061098
18.409834878061098,18.409834878061098,18.409834878061098
18.409834878061098,18.409834878061098,18.409834878061098
18.409834878061098,18.409834878061098,18.409834878061098
18.409834878061098,18.409834878061098,18.409834878061098
18.409834878061098,18.409834878061098,18.409834878061098
18.409834878061098,18.409834878061098,18.409834878061098
18.409834878061098,18.409834878061098,18.409834878061098
18.409834878061098,18.409834878061098,18.409834878061098
18.409834878061098,18.409834878061098,18.409834878061098
18.409834878061098,18.409834878061098,18.409834878061098
18.409834878061098,18.409834878061098,18.409834878061098
18.409834878061098,18.409834878061098,18.409834878061098
18.409834878061098,18.409834878061098,18.409834878061098
18.409834878061098,18.409834878061098,18.409834878061098
18.409834878061098,18.409834878061098,18.409834878061098
18.409834878061098,18.409834878061098,18.409834878061098
18.409834878061098,18.409834878061098,18.409834878061098
18.409834878061098,18.409834878061098,18.409834878061098
18.409834878061098,18.409834878061098,18.409834878061098
18.409834878061098,18.409834878061098,18.409834878061098
18.409834878061098,18.409834878061098,18.409834878061098
18.409834878061098,18.409834878061098,18.409834878061098
18.409834878061098,18.409834878061098,18.409834878061098
18.409834878061098,18.409834878061098,18.409834878061098
18.409834878061098,18.409834878061098,18.409834878061098
18.409834878061098,18.409834878061098,18.409834878061098
18.409834878061098,18.409834878061098,18.409834878061098
18.409834878061098,18.409834878061098,18.409834878061098
18.409834878061098,18.409834878061098,18.409834878061098
18.409834878061098,18.409834878061098,18.409834878061098
18.409834878061098,18.409834878061098,18.409834878061098
18.409834878061098,18.409834878061098,18.409834878061098
18.409834878061098,18.409834878061098,18.409834878061098
18.409834878061098,18.409834878061098,18.409834878061098
18.409834878061098,18.409834878061098,18.409834878061098
18.409834878061098,18.409834878061098,18.409834878061098
18.409834878061098,18.409834878061098,18.409834878061098
18.409834878061098,18.409834878061098,18.409834878061098
18.409834878061098,18.409834878061098,18.409834878061098
18.409834878061098,18.409834878061098,18.409834878061098
18.409834878061098,18.409834878061098,18.409834878061098
18.409834878061098,18.409834878061098,18.409834878061098
18.409834878061098,18.409834878061098,18.409834878061098
18.409834878061098,18.409834878061098,18.409834878061098
18.409834878061098,18.409834878061098,18.409834878061098
18.409834878061098,18.409834878061098,18.409834878061098
18.409834878061098,18.409834878061098,18.409834878061098
18.409834878061098,18.409834878061098,18.409834878061098
18.409834878061098,18.409834878061098,18.409834878061098
18.409834878061098,18.409834878061098,18.409834878061098
18.409834878061098,18.409834878061098,18.409834878061098
18.409834878061098,18.409834878061098,18.409834878061098
18.409834878061098,18.409834878061098,18.409834878061098
18.409834878061098,18.409834878061098,18.409834878061098
18.409834878061098,18.409834878061098,18.409834878061098
18.409834878061098,18.409834878061098,18.409834878061098
18.409834878061098,18.409834878061098,18.409834878061098
18.409834878061098,18.409834878061098,18.409834878061098
18.409834878061098,18.409834878061098,18.409834878061098
18.409834878061098,18.409834878061098,18.409834878061098
18.409834878061098,18.409834878061098,18.409834878061098
18.409834878061098,18.409834878061098,18.409834878061098
18.409834878061098,18.409834878061098,18.409834878061098
18.409834878061098,18.409834878061098,18.409834878061098
18.409834878061098,18.409834878061098,18.409834878061098
18.409834878061098,18.409834878061098,18.409834878061098
18.409834878088873,18.409834878088873,18.409834878088873
18.40983510315922,18.40983510315922,18.40983510315922
18.410081922767397,18.410081922767397,18.410081922767397
18.446713200544863,18.446713200544863,18.446713200544863
19.18247208288775,19.18247208288775,19.18247208288775
21.18247208288775,21.18247208288775,21.18247208288775
21.918230965202856,21.918230965202856,21.918230965202856
21.954862017914824,21.954862017914824,21.954862017914824
21.95486205718763,21.95486205718763,21.95486205718763
21.91827405889459,21.91827405889459,21.91827405889459
21.188890285322596,21.188890285322596,21.188890285322596
19.31476615769831,19.31476615769831,19.31476615769831
18.87973611350212,18.87973611350212,18.87973611350212
18.879624681805726,18.879624681805726,18.879624681805726
18.879788540160348,18.879788540160348,18.879788540160348
19.19125066525712,19.19125066525712,19.19125066525712
20.176049916486008,20.176049916486008,20.176049916486008
19.057239376662185,19.057239376662185,19.057239376662185
18.442065114982668,18.442065114982668,18.442065114982668
18.410052043425875,18.410052043425875,18.410052043425875
18.40983507609027,18.40983507609027,18.40983507609027
18.409834878085537,18.409834878085537,18.409834878085537
18.409834878061098,18.409834878061098,18.409834878061098
18.409834878061098,18.409834878061098,18.409834878061098
18.409834878061098,18.409834878061098,18.409834878061098
18.409834878061098,18.409834878061098,18.409834878061098
18.409834878088873,18.409834878088873,18.409834878088873
18.409835103131446,18.409835103131446,18.409835103131446
18.41008169766927,18.41008169766927,18.41008169766927
18.446466155838564,18.446466155838564,18.446466155838564
19.14559376040398,19.14559376040398,19.14559376040398
20.409834878061098,20.409834878061098,20.409834878061098
19.14559376040398,19.14559376040398,19.14559376040398
18.446466155838564,18.446466155838564,18.446466155838564
18.41008169766927,18.41008169766927,18.41008169766927
18.409835103131446,18.409835103131446,18.409835103131446
18.409834878088873,18.409834878088873,18.409834878088873
18.409834878061098,18.409834878061098,18.409834878061098
18.409834878061098,18.409834878061098,18.409834878061098
18.409834878061098,18.409834878061098,18.409834878061098
18.409834878061098,18.409834878061098,18.409834878061098
18.409834878061098,18.409834878061098,18.409834878061098
18.409834878061098,18.409834878061098,18.409834878061098
18.409834878061098,18.409834878061098,18.409834878061098
18.409834878061098,18.409834878061098,18.409834878061098
18.409834878061098,18.409834878061098,18.409834878061098
18.409834878061098,18.409834878061098,18.409834878061098
18.409834878061098,18.409834878061098,18.409834878061098
18.409834878088873,18.409834878088873,18.409834878088873
18.40983510315922,18.40983510315922,18.40983510315922
18.410081922767397,18.410081922767397,18.410081922767397
18.446713200517088,18.446713200517088,18.446713200517088
19.182471857789622,19.182471857789622,19.182471857789622
21.18222503818145,21.18222503818145,21.18222503818145
21.881352642746865,21.881352642746865,21.881352642746865
21.18222503818145,21.18222503818145,21.18222503818145
19.182471857789622,19.182471857789622,19.182471857789622
18.446713200517088,18.446713200517088,18.446713200517088
18.410081922767397,18.410081922767397,18.410081922767397
18.40983510315922,18.40983510315922,18.40983510315922
18.409834878088873,18.409834878088873,18.409834878088873
18.409834878061098,18.409834878061098,18.409834878061098
18.409834878061098,18.409834878061098,18.409834878061098
18.409834878061098,18.409834878061098,18.409834878061098
18.409834878061098,18.409834878061098,18.409834878061098
18.409834878061098,18.409834878061098,18.409834878061098
18.409834878061098,18.409834878061098,18.409834878061098
18.409834878061098,18.409834878061098,18.409834878061098
18.409834878061098,18.409834878061098,18.409834878061098
18.409834878061098,18.409834878061098,18.409834878061098
18.409834878061098,18.409834878061098,18.409834878061098
18.409834878061098,18.409834878061098,18.409834878061098
18.409834878061098,18.409834878061098,18.409834878061098
18.409834878061098,18.409834878061098,18.409834878061098
18.409834878061098,18.409834878061098,18.409834878061098
18.409834878061098,18.409834878061098,18.409834878061098
18.409834878061098,18.409834878061098,18.409834878061098
18.409834878061098,18.409834878061098,18.409834878061098
18.409834878061098,18.409834878061098,18.409834878061098
18.409834878061098,18.409834878061098,18.409834878061098
18.409834878061098,18.409834878061098,18.409834878061098
18.409834878061098,18.409834878061098,18.409834878061098
18.409834878061098,18.409834878061098,18.409834878061098
18.409834878061098,18.409834878061098,18.409834878061098
18.409834878061098,18.409834878061098,18.409834878061098
18.409834878061098,18.409834878061098,18.409834878061098
18.409834878066786,18.409834878066786,18.409834878066786
18.40983492417165,18.40983492417165,18.40983492417165
18.409885444425605,18.409885444425605,18.409885444425605
18.417339591962342,18.417339591962342,18.417339591962342
18.56057108622254,18.56057108622254,18.56057108622254
18.819578373597167,18.819578373597167,18.819578373597167
18.56057108622254,18.56057108622254,18.56057108622254
18.417339591962342,18.417339591962342,18.417339591962342
18.409885444425605,18.409885444425605,18.409885444425605
18.40983492417165,18.40983492417165,18.40983492417165
18.409834878066786,18.409834878066786,18.409834878066786
18.409834878061098,18.409834878061098,18.409834878061098
18.409834878061098,18.409834878061098,18.409834878061098
18.409834878061098,18.409834878061098,18.409834878061098
18.409834878061098,18.409834878061098,18.409834878061098
18.409834878061098,18.409834878061098,18.409834878061098
18.409834878061098,18.409834878061098,18.409834878061098
18.409834878061098,18.409834878061098,18.409834878061098
18.409834878061098,18.409834878061098,18.409834878061098
18.409834878061098,18.409834878061098,18.409834878061098
18.409834878061098,18.409834878061098,18.409834878061098
18.409834878061098,18.409834878061098,18.409834878061098
18.409834878061098,18.409834878061098,18.409834878061098
18.409834878061098,18.409834878061098,18.409834878061098
18.409834878061098,18.409834878061098,18.409834878061098
18.409834878061098,18.409834878061098,18.409834878061098
18.409834878061098,18.409834878061098,18.409834878061098
18.409834878061098,18.409834878061098,18.409834878061098
18.409834878061098,18.409834878061098,18.409834878061098
18.409834878061098,18.409834878061098,18.409834878061098
18.409834878061098,18.409834878061098,18.409834878061098
18.409834878061098,18.409834878061098,18.409834878061098
18.409834878061098,18.409834878061098,18.409834878061098
18.409834878061098,18.409834878061098,18.409834878061098
18.409834878061098,18.409834878061098,18.409834878061098
18.409834878061098,18.409834878061098,18.409834878061098
18.409834878061098,18.409834878061098,18.409834878061098
18.409834878061098,18.409834878061098,18.409834878061098
18.409834878061098,18.409834878061098,18.409834878061098
18.409834878061098,18.409834878061098,18.409834878061098
18.409834878061098,18.409834878061098,18.409834878061098
18.409834878061098,18.409834878061098,18.409834878061098
18.409834878061098,18.409834878061098,18.409834878061098
18.409834878061098,18.409834878061098,18.409834878061098
18.409834878061098,18.409834878061098,18.409834878061098
18.409834878061098,18.409834878061098,18.409834878061098
18.409834878061098,18.409834878061098,18.409834878061098
18.409834878061098,18.409834878061098,18.409834878061098
18.409834878061098,18.409834878061098,18.409834878061098
18.409834878061098,18.409834878061098,18.409834878061098
18.409834878061098,18.409834878061098,18.409834878061098
18.409834878061098,18.409834878061098,18.409834878061098
18.409834878061098,18.409834878061098,18.409834878061098
18.409834878061098,18.409834878061098,18.409834878061098
18.409834878061098,18.409834878061098,18.409834878061098
18.409834878061098,18.409834878061098,18.409834878061098
18.409834878061098,18.409834878061098,18.409834878061098
18.409834878061098,18.409834878061098,18.409834878061098
18.409834878061098,18.409834878061098,18.409834878061098
18.409834878061098,18.409834878061098,18.409834878061098
18.409834878061098,18.409834878061098,18.409834878061098
18.409834878061098,18.409834878061098,18.409834878061098
18.409834878061098,18.409834878061098,18.409834878061098
18.409834878061098,18.409834878061098,18.409834878061098
18.409834878061098,18.409834878061098,18.409834878061098
18.409834878061098,18.409834878061098,18.409834878061098
18.409834878061098,18.409834878061098,18.409834878061098
18.409834878061098,18.409834878061098,18.409834878061098
18.409834878061098,18.409834878061098,18.409834878061098
18.409834878061098,18.409834878061098,18.409834878061098
18.409834878061098,18.409834878061098,18.409834878061098
18.409834878061098,18.409834878061098,18.409834878061098
18.409834878061098,18.409834878061098,18.409834878061098
18.409834878061098,18.409834878061098,18.409834878061098
18.409834878061098,18.409834878061098,18.409834878061098
18.409834878061098,18.409834878061098,18.409834878061098
18.409834878061098,18.409834878061098,18.409834878061098
18.409834878061098,18.409834878061098,18.409834878061098
18.409834878061098,18.409834878061098,18.409834878061098
18.409834878061098,18.409834878061098,18.409834878061098
18.409834878061098,18.409834878061098,18.409834878061098
18.409834878061098,18.409834878061098,18.409834878061098
18.409834878061098,18.409834878061098,18.409834878061098
18.409834878061098,18.409834878061098,18.409834878061098
18.409834878061098,18.409834878061098,18.409834878061098
18.409834878061098,18.409834878061098,18.409834878061098
18.409834878061098,18.409834878061098,18.409834878061098
18.409834878061098,18.409834878061098,18.409834878061098
18.409834878061098,18.409834878061098,18.409834878061098
18.409834878061098,18.409834878061098,18.409834878061098
18.409834878061098,18.409834878061098,18.409834878061098
18.409834878061098,18.409834878061098,18.409834878061098
18.409834878061098,18.409834878061098,18.409834878061098
18.409834878061098,18.409834878061098,18.409834878061098
18.409834878061098,18.409834878061098,18.409834878061098
18.409834878061098,18.409834878061098,18.409834878061098
18.409834878061098,18.409834878061098,18.409834878061098
18.409834878061098,18.409834878061098,18.409834878061098
18.409834878061098,18.409834878061098,18.409834878061098
18.409834878061098,18.409834878061098,18.409834878061098
18.409834878061098,18.409834878061098,18.409834878061098
18.409834878061098,18.409834878061098,18.409834878061098
18.409834878061098,18.409834878061098,18.409834878061098
18.409834878061098,18.409834878061098,18.409834878061098
18.409834878061098,18.409834878061098,18.409834878061098
18.409834878061098,18.409834878061098,18.409834878061098
18.409834878061098,18.409834878061098,18.409834878061098
18.409834878061098,18.409834878061098,18.409834878061098
18.409834878061098,18.409834878061098,18.409834878061098
18.409834878061098,18.409834878061098,18.409834878061098
18.409834878061098,18.409834878061098,18.409834878061098
18.409834878061098,18.409834878061098,18.409834878061098
18.409834878061098,18.409834878061098,18.409834878061098
18.409834878061098,18.409834878061098,18.409834878061098
18.409834878061098,18.409834878061098,18.409834878061098
18.409834878061098,18.409834878061098,18.409834878061098
18.409834878061098,18.409834878061098,18.409834878061098
18.409834878061098,18.409834878061098,18.409834878061098
18.409834878061098,18.409834878061098,18.409834878061098
18.409834878061098,18.409834878061098,18.409834878061098
18.409834878061098,18.409834878061098,18.409834878061098
18.409834878061098,18.409834878061098,18.409834878061098
18.409834878061098,18.409834878061098,18.409834878061098
18.409834878061098,18.409834878061098,18.409834878061098
18.409834878061098,18.409834878061098,18.409834878061098
18.409834878061098,18.409834878061098,18.409834878061098
18.409834878061098,18.409834878061098,18.409834878061098
18.409834878061098,18.409834878061098,18.409834878061098
18.409834878061098,18.409834878061098,18.409834878061098
18.409834878061098,18.409834878061098,18.409834878061098
18.409834878061098,18.409834878061098,18.409834878061098
18.409834878061098,18.409834878061098,18.409834878061098
18.409834878061098,18.409834878061098,18.409834878061098
18.409834878061098,18.409834878061098,18.409834878061098
18.409834878061098,18.409834878061098,18.409834878061098
18.409834878061098,18.409834878061098,18.409834878061098
18.409834878061098,18.409834878061098,18.409834878061098
18.409834878061098,18.409834878061098,18.409834878061098
18.409834878061098,18.409834878061098,18.409834878061098
18.409834878061098,18.409834878061098,18.409834878061098
18.409834878061098,18.409834878061098,18.409834878061098
18.409834878061098,18.409834878061098,18.409834878061098
18.409834878061098,18.409834878061098,18.409834878061098
18.409834878061098,18.409834878061098,18.409834878061098
18.409834878061098,18.409834878061098,18.409834878061098
18.409834878061098,18.409834878061098,18.409834878061098
18.409834878061098,18.409834878061098,18.409834878061098
18.409834878061098,18.409834878061098,18.409834878061098
18.409834878061098,18.409834878061098,18.409834878061098
18.409834878061098,18.409834878061098,18.409834878061098
18.409834878061098,18.409834878061098,18.409834878061098
18.409834878061098,18.409834878061098,18.409834878061098
18.409834878061098,18.409834878061098,18.409834878061098
18.409834878061098,18.409834878061098,18.409834878061098
18.409834878061098,18.409834878061098,18.409834878061098
18.409834878061098,18.409834878061098,18.409834878061098
18.409834878061098,18.409834878061098,18.409834878061098
18.409834878061098,18.409834878061098,18.409834878061098
18.409834878061098,18.409834878061098,18.409834878061098
18.409834878061098,18.409834878061098,18.409834878061098
18.409834878061098,18.409834878061098,18.409834878061098
18.409834878061098,18.409834878061098,18.409834878061098
18.409834878061098,18.409834878061098,18.409834878061098
18.409834878061098,18.409834878061098,18.409834878061098
18.409834878061098,18.409834878061098,18.409834878061098
18.409834878061098,18.409834878061098,18.409834878061098
18.409834878061098,18.409834878061098,18.409834878061098
18.409834878061098,18.409834878061098,18.409834878061098
18.409834878061098,18.409834878061098,18.409834878061098
18.409834878061098,18.409834878061098,18.409834878061098
18.409834878061098,18.409834878061098,18.409834878061098
18.409834878061098,18.409834878061098,18.409834878061098
18.409834878061098,18.409834878061098,18.409834878061098
18.409834878061098,18.409834878061098,18.409834878061098
18.409834878061098,18.409834878061098,18.409834878061098
18.409834878061098,18.409834878061098,18.409834878061098
18.409834878061098,18.409834878061098,18.409834878061098
18.409834878088873,18.409834878088873,18.409834878088873
18.40983510315922,18.40983510315922,18.40983510315922
18.410081922767397,18.410081922767397,18.410081922767397
18.446713200544863,18.446713200544863,18.446713200544863
19.18247208288775,19.18247208288775,19.18247208288775
21.18247208288775,21.18247208288775,21.18247208288775
21.918230965230634,21.918230965230634,21.918230965230634
21.954862242980326,21.954862242980326,21.954862242980326
21.95510883751815,21.95510883751815,21.95510883751815
21.954862242980326,21.954862242980326,21.954862242980326
21.918230965230634,21.918230965230634,21.918230965230634
21.18247208288775,21.18247208288775,21.18247208288775
19.18247208288775,19.18247208288775,19.18247208288775
18.446713200544863,18.446713200544863,18.446713200544863
18.410081922767397,18.410081922767397,18.410081922767397
18.40983510315922,18.40983510315922,18.40983510315922
18.409834878088873,18.409834878088873,18.409834878088873
18.409834878061098,18.409834878061098,18.409834878061098
18.409834878061098,18.409834878061098,18.409834878061098
18.409834878061098,18.409834878061098,18.409834878061098
18.409834878061098,18.409834878061098,18.409834878061098
18.409834878061098,18.409834878061098,18.409834878061098
18.409834878061098,18.409834878061098,18.409834878061098
18.409834878061098,18.409834878061098,18.409834878061098
18.409834878061098,18.409834878061098,18.409834878061098
18.409834878061098,18.409834878061098,18.409834878061098
18.409834878061098,18.409834878061098,18.409834878061098
18.409834878061098,18.409834878061098,18.409834878061098
18.409834878061098,18.409834878061098,18.409834878061098
18.409834878061098,18.409834878061098,18.409834878061098
18.409834878061098,18.409834878061098,18.409834878061098
18.409834878061098,18.409834878061098,18.409834878061098
18.409834878061098,18.409834878061098,18.409834878061098
18.409834878061098,18.409834878061098,18.409834878061098
18.409834878061098,18.409834878061098,18.409834878061098
18.409834878061098,18.409834878061098,18.409834878061098
18.409834878061098,18.409834878061098,18.409834878061098
18.409834878061098,18.409834878061098,18.409834878061098
18.409834878061098,18.409834878061098,18.409834878061098
18.409834878061098,18.409834878061098,18.409834878061098
18.409834878061098,18.409834878061098,18.409834878061098
18.409834878061098,18.409834878061098,18.409834878061098
18.409834878061098,18.409834878061098,18.409834878061098
18.409834878061098,18.409834878061098,18.409834878061098
18.409834878061098,18.409834878061098,18.409834878061098
18.409834878061098,18.409834878061098,18.409834878061098
18.409834878061098,18.409834878061098,18.409834878061098
18.409834878061098,18.409834878061098,18.409834878061098
18.409834878061098,18.409834878061098,18.409834878061098
18.409834878061098,18.409834878061098,18.409834878061098
18.409834878061098,18.409834878061098,18.409834878061098
18.409834878061098,18.409834878061098,18.409834878061098
18.409834878061098,18.409834878061098,18.409834878061098
18.409834878061098,18.409834878061098,18.409834878061098
18.409834878061098,18.409834878061098,18.409834878061098
18.409834878061098,18.409834878061098,18.409834878061098
18.409834878061098,18.409834878061098,18.409834878061098
18.409834878061098,18.409834878061098,18.409834878061098
18.409834878061098,18.409834878061098,18.409834878061098
18.409834878061098,18.409834878061098,18.409834878061098
18.409834878061098,18.409834878061098,18.409834878061098
18.409834878061098,18.409834878061098,18.409834878061098
18.409834878061098,18.409834878061098,18.409834878061098
18.409834878061098,18.409834878061098,18.409834878061098
18.409834878061098,18.409834878061098,18.409834878061098
18.409834878061098,18.409834878061098,18.409834878061098
18.409834878061098,18.409834878061098,18.409834878061098
18.409834878061098,18.409834878061098,18.409834878061098
18.409834878061098,18.409834878061098,18.409834878061098
18.409834878061098,18.409834878061098,18.409834878061098
18.409834878061098,18.409834878061098,18.409834878061098
18.409834878061098,18.409834878061098,18.409834878061098
18.409834878061098,18.409834878061098,18.409834878061098
18.409834878061098,18.409834878061098,18.409834878061098
18.409834878061098,18.409834878061098,18.409834878061098
18.409834878061098,18.409834878061098,18.409834878061098
18.409834878061098,18.409834878061098,18.409834878061098
18.409834878061098,18.409834878061098,18.409834878061098
18.409834878064203,18.409834878064203,18.409834878064203
18.409834903225747,18.409834903225747,18.409834903225747
18.40986248560887,18.40986248560887,18.40986248560887
18.413944456682195,18.413944456682195,18.413944456682195
18.494217012938755,18.494217012938755,18.494217012938755
18.679154303193606,18.679154303193606,18.679154303193606
18.67915422231811,18.67915422231811,18.67915422231811
18.679510944657597,18.679510944657597,18.679510944657597
18.609659294749687,18.609659294749687,18.609659294749687
19.23896315920958,19.23896315920958,19.23896315920958
21.192442902543007,21.192442902543007,21.192442902543007
21.918662001849963,21.918662001849963,21.918662001849963
21.954865088607374,21.954865088607374,21.954865088607374
21.955109065203896,21.955109065203896,21.955109065203896
21.955109287686945,21.955109287686945,21.955109287686945
21.9551092877144,21.9551092877144,21.9551092877144
21.9551092877144,21.9551092877144,21.9551092877144
21.9551092877144,21.9551092877144,21.9551092877144
21.9551092877144,21.9551092877144,21.9551092877144
21.9551092877144,21.9551092877144,21.9551092877144
21.9551092877144,21.9551092877144,21.9551092877144
21.9551092877144,21.9551092877144,21.9551092877144
21.9551092877144,21.9551092877144,21.9551092877144
21.9551092877144,21.9551092877144,21.9551092877144
21.9551092877144,21.9551092877144,21.9551092877144
21.955109287686625,21.955109287686625,21.955109287686625
21.955109062616277,21.955109062616277,21.955109062616277
21.9548622430081,21.9548622430081,21.9548622430081
21.918230965230634,21.918230965230634,21.918230965230634
21.18247208288775,21.18247208288775,21.18247208288775
19.18247208288775,19.18247208288775,19.18247208288775
18.446713200544863,18.446713200544863,18.446713200544863
18.410081922767397,18.410081922767397,18.410081922767397
18.40983510315922,18.40983510315922,18.40983510315922
18.409834878088873,18.409834878088873,18.409834878088873
18.409834878061098,18.409834878061098,18.409834878061098
18.409834878061098,18.409834878061098,18.409834878061098
18.409834878061098,18.409834878061098,18.409834878061098
18.409834878061098,18.409834878061098,18.409834878061098
18.409834878061098,18.409834878061098,18.409834878061098
18.409834878061098,18.409834878061098,18.409834878061098
18.409834878061098,18.409834878061098,18.409834878061098
18.409834878061098,18.409834878061098,18.409834878061098
18.409834878061098,18.409834878061098,18.409834878061098
18.409834878061098,18.409834878061098,18.409834878061098
18.409834878064785,18.409834878064785,18.409834878064785
18.409834907968477,18.409834907968477,18.409834907968477
18.409867870124643,18.409867870124643,18.409867870124643
18.414944971619704,18.414944971619704,18.414944971619704
18.54439014782716,18.54439014782716,18.54439014782716
19.447985553744566,19.447985553744566,19.447985553744566
21.280149030170044,21.280149030170044,21.280149030170044
21.923094014082942,21.923094014082942,21.923094014082942
21.954895009973523,21.954895009973523,21.954895009973523
21.95510909249588,21.95510909249588,21.95510909249588
21.955109287690313,21.955109287690313,21.955109287690313
21.9551092877144,21.9551092877144,21.9551092877144
21.9551092877144,21.9551092877144,21.9551092877144
21.9551092877144,21.9551092877144,21.9551092877144
21.9551092877144,21.9551092877144,21.9551092877144
21.9551092877144,21.9551092877144,21.9551092877144
21.9551092877144,21.9551092877144,21.9551092877144
21.9551092877144,21.9551092877144,21.9551092877144
21.9551092877144,21.9551092877144,21.9551092877144
21.9551092877144,21.9551092877144,21.9551092877144
21.9551092877144,21.9551092877144,21.9551092877144
21.9551092877144,21.9551092877144,21.9551092877144
21.9551092877144,21.9551092877144,21.9551092877144
21.9551092877144,21.9551092877144,21.9551092877144
21.9551092877144,21.9551092877144,21.9551092877144
21.9551092877144,21.9551092877144,21.9551092877144
21.9551092877144,21.9551092877144,21.9551092877144
21.9551092877144,21.9551092877144,21.9551092877144
21.9551092877144,21.9551092877144,21.9551092877144
21.9551092877144,21.9551092877144,21.9551092877144
21.9551092877144,21.9551092877144,21.9551092877144
21.9551092877144,21.9551092877144,21.9551092877144
21.9551092877144,21.9551092877144,21.9551092877144
21.9551092877144,21.9551092877144,21.9551092877144
21.9551092877144,21.9551092877144,21.9551092877144
21.9551092877144,21.9551092877144,21.9551092877144
21.9551092877144,21.9551092877144,21.9551092877144
21.9551092877144,21.9551092877144,21.9551092877144
21.9551092877144,21.9551092877144,21.9551092877144
21.9551092877144,21.9551092877144,21.9551092877144
21.9551092877144,21.9551092877144,21.9551092877144
21.9551092877144,21.9551092877144,21.9551092877144
21.9551092877144,21.9551092877144,21.9551092877144
21.9551092877144,21.9551092877144,21.9551092877144
21.9551092877144,21.9551092877144,21.9551092877144
21.955109287710002,21.955109287710002,21.955109287710002
21.955109252063558,21.955109252063558,21.955109252063558
21.955070191818958,21.955070191818958,21.955070191818958
21.94930694236359,21.94930694236359,21.94930694236359
21.83856606592965,21.83856606592965,21.83856606592965
21.63831196570684,21.63831196570684,21.63831196570684
21.83856606592965,21.83856606592965,21.83856606592965
21.94930694236359,21.94930694236359,21.94930694236359
21.955070191818958,21.955070191818958,21.955070191818958
21.955109252063558,21.955109252063558,21.955109252063558
21.955109287710002,21.955109287710002,21.955109287710002
21.9551092877144,21.9551092877144,21.9551092877144
21.9551092877144,21.9551092877144,21.9551092877144
21.9551092877144,21.9551092877144,21.9551092877144
21.9551092877144,21.9551092877144,21.9551092877144
21.9551092877144,21.9551092877144,21.9551092877144
21.9551092877144,21.9551092877144,21.9551092877144
21.9551092877144,21.9551092877144,21.9551092877144
21.9551092877144,21.9551092877144,21.9551092877144
21.9551092877144,21.9551092877144,21.9551092877144
21.9551092877144,21.9551092877144,21.9551092877144
21.9551092877144,21.9551092877144,21.9551092877144
21.955109287686962,21.955109287686962,21.955109287686962
21.95510906535846,21.95510906535846,21.95510906535846
21.954865347496096,21.954865347496096,21.954865347496096
21.918798530692307,21.918798530692307,21.918798530692307
21.209830088381338,21.209830088381338,21.209830088381338
19.593034617561344,19.593034617561344,19.593034617561344
19.841950647209895,19.841950647209895,19.841950647209895
20.164724009460688,20.164724009460688,20.164724009460688
20.182351777571654,20.182351777571654,20.182351777571654
20.182471973094756,20.182471973094756,20.182471973094756
20.1824720828742,20.1824720828742,20.1824720828742
20.18247208288775,20.18247208288775,20.18247208288775
20.18247208288775,20.18247208288775,20.18247208288775
20.18247208288775,20.18247208288775,20.18247208288775
20.18247208288775,20.18247208288775,20.18247208288775
20.18247208288775,20.18247208288775,20.18247208288775
20.18247208288775,20.18247208288775,20.18247208288775
20.18247208288775,20.18247208288775,20.18247208288775
20.18247208288775,20.18247208288775,20.18247208288775
20.18247208288775,20.18247208288775,20.18247208288775
0.0,20.18247208288775,20.18247208288775
0.0,20.18247208288775,20.18247208288775
0.0,20.18247208288775,20.18247208288775
0.0,20.18247208288775,20.18247208288775
0.0,20.18247208288775,20.18247208288775
0.0,20.18247208288775,20.18247208288775
0.0,20.18247208288775,20.18247208288775
0.0,20.18247208288775,20.18247208288775
0.0,20.18247208288775,20.18247208288775
0.0,20.18247208288775,20.18247208288775
0.0,20.18247208288775,20.18247208288775
0.0,20.18247208288775,20.18247208288775
0.0,20.18247208288775,20.18247208288775
0.0,20.18247208288775,20.18247208288775
0.0,20.18247208288775,20.18247208288775
0.0,0.0,20.18247208288775
0.0,0.0,20.18247208288775
0.0,0.0,20.18247208288775
0.0,0.0,20.18247208288775
0.0,0.0,20.18247208288775
0.0,0.0,20.18247208288775
0.0,0.0,20.18247208288775
0.0,0.0,20.18247208288775
0.0,0.0,20.18247208288775
0.0,0.0,20.18247208288775
0.0,0.0,20.18247208288775
0.0,0.0,20.18247208288775
0.0,0.0,20.18247208288775
0.0,0.0,20.18247208288775
0.0,0.0,20.18247208288775
